horizon,runs,mean,p05,p50,p95,positive_rate,bootstrap_status
16,1000,-0.0014761547402353586,-0.0019020151803486286,-0.001471172275417038,-0.001075585120097972,0.0,weak
