field,missing_rate,min,p05,p50,p95,max,source
momentum_score,0.0,-1.3383375007312723,-0.9976723660271898,0.06253606915217955,2.208865449820105,3.9725375980041036,discovery_metadata_transform
breakout_score,0.0,-1.8820405635463278,-1.187345597066117,-0.05404563049621663,1.2270771395870683,2.7908004331117557,discovery_metadata_transform
momentum_score_quantile,0.0,0.0,0.06384976525821598,0.6338028169014085,0.9702660406885759,1.0,discovery_metadata_transform
breakout_score_quantile,0.0,0.0,0.04225352112676056,0.4953051643192488,0.9475743348982786,1.0,discovery_metadata_transform
