atr_extreme_q90,jump_extreme_q95,trend_score_q60,range_score_q60,uncertain_band
0.92,3.7739737491464402,0.533117952058263,0.550612464040247,0.15
