family,score_name,factor,direction,winsor_lower,winsor_upper,mean,std,missing_rate
momentum_continuation,momentum_continuation_score,ret_4h,1,0.003127888185565526,0.07984676445601639,0.0213678196811214,0.014254085727705503,0.0
momentum_continuation,momentum_continuation_score,ret_12h,1,0.004967772760859679,0.11188500720298082,0.031220327030249465,0.020809537359538367,0.0
momentum_continuation,momentum_continuation_score,ret_24h,1,-0.006728556597184121,0.15981755280665724,0.03953982340830823,0.030537641069727908,0.004694835680751174
breakout_conviction,breakout_conviction_score,breakout_distance_atr,1,0.005637082788219619,3.5746729504080816,0.68558791241977,0.6714880047200907,0.0
breakout_conviction,breakout_conviction_score,range_atr,1,0.6827258764955203,5.508617789767591,2.036923346038784,0.9258579677988515,0.0
breakout_conviction,breakout_conviction_score,body_ratio,1,0.1335053636445722,0.9697309978321942,0.6377070141553932,0.19125660271029413,0.0
breakout_conviction,breakout_conviction_score,close_location,1,0.349181731579393,0.9964060440346341,0.757797930180472,0.16116936620809377,0.0
