p4_phase,event_count,mean_fwd_ret_1,mean_fwd_ret_4,mean_fwd_ret_8,mean_fwd_ret_16,mean_fwd_ret_32,plus_1atr_first_rate_16,minus_1atr_first_rate_16,mean_mae_16,mean_mfe_16,top1_positive_contribution,remove_top3_mean_fwd_ret
after_p4_exit_0_4_bars,1032,-0.00011907110129301434,-0.00047930772817598625,-0.0003849124952858488,0.0003175101813482271,0.000820863758341547,0.45155038759689925,0.5222868217054264,-0.010497470347056241,0.009481215350165604,0.03530369882337331,-6.506142968630014e-05
after_p4_exit_17_64_bars,5006,8.303209941362145e-05,5.562134686511152e-07,-5.493062474258538e-05,0.0003394954165542285,0.0009181592883947592,0.4908073541167066,0.4858113509192646,-0.009218701498376421,0.008585187036048532,0.005088683550450723,0.00029920494995320027
after_p4_exit_5_16_bars,1562,3.9298888795009096e-05,0.0004129371596918209,0.0011899250507595445,0.0019145152258236917,0.002876469957940667,0.4723650385604113,0.4569408740359897,-0.008874491197486869,0.01034399996157156,0.025729888460722546,0.0015038467222923664
deep_idle,14996,-4.8559177489392535e-05,-0.0002333453613650495,-0.00042138773747398537,-0.0003910376721709992,4.750462685259247e-05,0.47257806244996,0.5002668801708033,-0.011760026102556336,0.01013432300955246,0.0018052278066387172,-0.00041736878020051345
p4_held,4156,-0.00018230546353167163,-0.00034855283653123195,-0.000345016641828909,-0.0006373567519939932,-0.0009296190971345838,0.48460057747834456,0.4773820981713186,-0.009661879775636229,0.008829676199979623,0.0063011134694976045,-0.0006971172626023546
